{
  "KeyClusters": [
    1.0,
    2.0,
    3.0,
    4.0,
    4.0
  ],
  "SongLengthMean": [
    10.0,
    20.0,
    30.0,
    40.0,
    50.0
  ],
  "SongLengthVariance": [
    2.0,
    4.0,
    6.0,
    8.0,
    10.0
  ],
  "NoteSpawnCooldownMean": [
    2.2,
    1.8,
    1.4,
    1.0,
    0.6
  ],
  "NoteSpawnCooldownVariance": [
    0.0,
    0.1,
    0.2,
    0.3,
    0.4
  ],
  "TargetPercentage": [
    0.6,
    0.7,
    0.8,
    0.8,
    0.9
  ]
}
